{"cameraMode":{"drawMode":0,"name":"Shaded","section":"Shading Mode"},"sceneLighting":true,"audioPlay":false,"sceneViewState":{"m_AlwaysRefresh":false,"showFog":true,"showSkybox":true,"showFlares":true,"showImageEffects":true,"showParticleSystems":true,"showVisualEffectGraphs":true,"m_FxEnabled":true},"in2DMode":false,"pivot":{"x":0.542391300201416,"y":1.0317864418029786,"z":0.33721351623535159},"rotation":{"x":0.26331615447998049,"y":-0.06072675436735153,"z":0.016610749065876008,"w":0.9626550078392029},"size":9.703320503234864,"orthographic":true}